{
    "1": {
        "0.0001": {
            "avgTime": 0.06064109770999892,
            "correct": 98.31827358152655,
            "perImprov": 2.462413212816464,
            "ratio": 0.9753758678718354
        },
        "0.001": {
            "avgTime": 0.059727530360000856,
            "correct": 98.31827358152655,
            "perImprov": 2.462413212816464,
            "ratio": 0.9753758678718354
        },
        "0.005": {
            "avgTime": 0.06081664472000114,
            "correct": 98.31827358152655,
            "perImprov": 2.462413212816464,
            "ratio": 0.9753758678718354
        },
        "0.01": {
            "avgTime": 0.06026154190999819,
            "correct": 98.31827358152655,
            "perImprov": 2.462413212816464,
            "ratio": 0.9753758678718354
        },
        "0.1": {
            "avgTime": 0.06074404652000169,
            "correct": 98.31827358152655,
            "perImprov": 2.462413212816464,
            "ratio": 0.9753758678718354
        },
        "None": {
            "avgTime": 0.06164341440000385,
            "correct": 98.31827358152655,
            "perImprov": 2.462413212816464,
            "ratio": 0.9753758678718354
        }
    },
    "2": {
        "0.0001": {
            "avgTime": 0.05992435808000209,
            "correct": 98.31827358152655,
            "perImprov": 2.462413212816464,
            "ratio": 0.9753758678718354
        },
        "0.001": {
            "avgTime": 0.060556377440005915,
            "correct": 98.31827358152655,
            "perImprov": 2.462413212816464,
            "ratio": 0.9753758678718354
        },
        "0.005": {
            "avgTime": 0.07226372949999643,
            "correct": 98.31827358152655,
            "perImprov": 2.462413212816464,
            "ratio": 0.9753758678718354
        },
        "0.01": {
            "avgTime": 0.05989698467999915,
            "correct": 98.31827358152655,
            "perImprov": 2.462413212816464,
            "ratio": 0.9753758678718354
        },
        "0.1": {
            "avgTime": 0.06181259399000169,
            "correct": 98.31827358152655,
            "perImprov": 2.462413212816464,
            "ratio": 0.9753758678718354
        },
        "None": {
            "avgTime": 0.05954087899999934,
            "correct": 98.31827358152655,
            "perImprov": 2.462413212816464,
            "ratio": 0.9753758678718354
        }
    },
    "3": {
        "0.0001": {
            "avgTime": 0.059882927200004585,
            "correct": 98.31827358152655,
            "perImprov": 2.462413212816464,
            "ratio": 0.9753758678718354
        },
        "0.001": {
            "avgTime": 0.06033645262999926,
            "correct": 98.31827358152655,
            "perImprov": 2.462413212816464,
            "ratio": 0.9753758678718354
        },
        "0.005": {
            "avgTime": 0.0603633088300046,
            "correct": 98.31827358152655,
            "perImprov": 2.462413212816464,
            "ratio": 0.9753758678718354
        },
        "0.01": {
            "avgTime": 0.062218718200001605,
            "correct": 98.31827358152655,
            "perImprov": 2.462413212816464,
            "ratio": 0.9753758678718354
        },
        "0.1": {
            "avgTime": 0.06043422857999758,
            "correct": 98.31827358152655,
            "perImprov": 2.462413212816464,
            "ratio": 0.9753758678718354
        },
        "None": {
            "avgTime": 0.06126499547000435,
            "correct": 98.31827358152655,
            "perImprov": 2.462413212816464,
            "ratio": 0.9753758678718354
        }
    },
    "4": {
        "0.0001": {
            "avgTime": 0.06160846689000323,
            "correct": 98.31827358152655,
            "perImprov": 2.462413212816464,
            "ratio": 0.9753758678718354
        },
        "0.001": {
            "avgTime": 0.06059233454000832,
            "correct": 98.31827358152655,
            "perImprov": 2.462413212816464,
            "ratio": 0.9753758678718354
        },
        "0.005": {
            "avgTime": 0.06209156206000785,
            "correct": 98.31827358152655,
            "perImprov": 2.462413212816464,
            "ratio": 0.9753758678718354
        },
        "0.01": {
            "avgTime": 0.0617606969899964,
            "correct": 98.31827358152655,
            "perImprov": 2.462413212816464,
            "ratio": 0.9753758678718354
        },
        "0.1": {
            "avgTime": 0.061755922429999825,
            "correct": 98.31827358152655,
            "perImprov": 2.462413212816464,
            "ratio": 0.9753758678718354
        },
        "None": {
            "avgTime": 0.07227136643999983,
            "correct": 98.31827358152655,
            "perImprov": 2.462413212816464,
            "ratio": 0.9753758678718354
        }
    }
}