{
    "1": {
        "0.0001": {
            "avgTime": 2.796895438260001,
            "correct": 97.047447111024,
            "perImprov": 2.464254549321119,
            "ratio": 0.975357454506789
        },
        "0.001": {
            "avgTime": 2.7849191929699986,
            "correct": 97.047447111024,
            "perImprov": 2.464254549321119,
            "ratio": 0.975357454506789
        },
        "0.005": {
            "avgTime": 2.925348876210003,
            "correct": 97.047447111024,
            "perImprov": 2.464254549321119,
            "ratio": 0.975357454506789
        },
        "0.01": {
            "avgTime": 2.9481485544299937,
            "correct": 97.047447111024,
            "perImprov": 2.464254549321119,
            "ratio": 0.975357454506789
        },
        "0.1": {
            "avgTime": 2.8591189755200004,
            "correct": 97.047447111024,
            "perImprov": 2.464254549321119,
            "ratio": 0.975357454506789
        },
        "None": {
            "avgTime": 2.9614524169799994,
            "correct": 97.047447111024,
            "perImprov": 2.464254549321119,
            "ratio": 0.975357454506789
        }
    },
    "10": {
        "0.0001": {
            "avgTime": 6.139019336779747,
            "correct": 99.31603069136443,
            "perImprov": 2.4746303392338254,
            "ratio": 0.9752536966076619
        },
        "0.001": {
            "avgTime": 5.278634054920112,
            "correct": 99.31603069136443,
            "perImprov": 2.4746220630933617,
            "ratio": 0.9752537793690665
        },
        "0.005": {
            "avgTime": 4.358029060639929,
            "correct": 98.24195955894591,
            "perImprov": 2.4743113288327,
            "ratio": 0.9752568867116732
        },
        "0.01": {
            "avgTime": 3.8414971369097475,
            "correct": 97.67826452697335,
            "perImprov": 2.473632810367257,
            "ratio": 0.9752636718963275
        },
        "0.1": {
            "avgTime": 2.874303722370023,
            "correct": 97.10973452598998,
            "perImprov": 2.464725424328883,
            "ratio": 0.975352745756711
        },
        "None": {
            "avgTime": 6.948653479229943,
            "correct": 99.31603069136443,
            "perImprov": 2.474630414837666,
            "ratio": 0.9752536958516234
        }
    },
    "2": {
        "0.0001": {
            "avgTime": 3.454879739369976,
            "correct": 98.04207499279673,
            "perImprov": 2.472282701355322,
            "ratio": 0.9752771729864468
        },
        "0.001": {
            "avgTime": 3.427196883440006,
            "correct": 98.04207499279673,
            "perImprov": 2.4723710492976423,
            "ratio": 0.9752762895070235
        },
        "0.005": {
            "avgTime": 3.37958275608999,
            "correct": 97.85410459481545,
            "perImprov": 2.4723211925703286,
            "ratio": 0.9752767880742966
        },
        "0.01": {
            "avgTime": 3.302248219840003,
            "correct": 97.59289515154553,
            "perImprov": 2.4721111999715877,
            "ratio": 0.9752788880002841
        },
        "0.1": {
            "avgTime": 2.8687833363500066,
            "correct": 97.10973452598998,
            "perImprov": 2.464725424328883,
            "ratio": 0.975352745756711
        },
        "None": {
            "avgTime": 3.502137622290027,
            "correct": 98.04207499279673,
            "perImprov": 2.4722827027480836,
            "ratio": 0.9752771729725191
        }
    },
    "3": {
        "0.0001": {
            "avgTime": 3.9730329310899926,
            "correct": 98.74253456906051,
            "perImprov": 2.474025185854188,
            "ratio": 0.9752597481414581
        },
        "0.001": {
            "avgTime": 3.920124647090033,
            "correct": 98.74253456906051,
            "perImprov": 2.474024326283498,
            "ratio": 0.9752597567371651
        },
        "0.005": {
            "avgTime": 3.737916482669998,
            "correct": 98.08498323775463,
            "perImprov": 2.4738985390235677,
            "ratio": 0.9752610146097643
        },
        "0.01": {
            "avgTime": 3.523566871150042,
            "correct": 97.66715341586223,
            "perImprov": 2.473408891605925,
            "ratio": 0.9752659110839409
        },
        "0.1": {
            "avgTime": 2.842929218559984,
            "correct": 97.10973452598998,
            "perImprov": 2.464725424328883,
            "ratio": 0.975352745756711
        },
        "None": {
            "avgTime": 3.9815367693400048,
            "correct": 98.74253456906051,
            "perImprov": 2.4739941588330625,
            "ratio": 0.9752600584116693
        }
    },
    "4": {
        "0.0001": {
            "avgTime": 4.417624852030112,
            "correct": 99.09767646505586,
            "perImprov": 2.474342240607453,
            "ratio": 0.9752565775939256
        },
        "0.001": {
            "avgTime": 4.286836455849989,
            "correct": 99.10809313172253,
            "perImprov": 2.474532769881504,
            "ratio": 0.9752546723011851
        },
        "0.005": {
            "avgTime": 3.9986146815399843,
            "correct": 98.20039801978875,
            "perImprov": 2.4743642412447757,
            "ratio": 0.9752563575875522
        },
        "0.01": {
            "avgTime": 3.6786531298099816,
            "correct": 97.67826452697335,
            "perImprov": 2.473569380066265,
            "ratio": 0.9752643061993375
        },
        "0.1": {
            "avgTime": 2.8509907069100247,
            "correct": 97.10973452598998,
            "perImprov": 2.464725424328883,
            "ratio": 0.975352745756711
        },
        "None": {
            "avgTime": 4.431517808529988,
            "correct": 99.10809313172253,
            "perImprov": 2.474539136369881,
            "ratio": 0.9752546086363013
        }
    },
    "5": {
        "0.0001": {
            "avgTime": 4.8556312280099885,
            "correct": 99.23289637528015,
            "perImprov": 2.474608801592373,
            "ratio": 0.9752539119840765
        },
        "0.001": {
            "avgTime": 4.6612190350499985,
            "correct": 99.23289637528015,
            "perImprov": 2.47460004622652,
            "ratio": 0.9752539995377348
        },
        "0.005": {
            "avgTime": 4.055876049400122,
            "correct": 98.23165028059539,
            "perImprov": 2.4743985372569917,
            "ratio": 0.9752560146274302
        },
        "0.01": {
            "avgTime": 3.665286584789992,
            "correct": 97.67826452697335,
            "perImprov": 2.4736638401386717,
            "ratio": 0.9752633615986133
        },
        "0.1": {
            "avgTime": 2.848352257389979,
            "correct": 97.10973452598998,
            "perImprov": 2.464725424328883,
            "ratio": 0.975352745756711
        },
        "None": {
            "avgTime": 4.8755437369898935,
            "correct": 99.23289637528015,
            "perImprov": 2.4746088124459065,
            "ratio": 0.9752539118755409
        }
    },
    "6": {
        "0.0001": {
            "avgTime": 5.138311112199881,
            "correct": 99.30550437557494,
            "perImprov": 2.474625216396177,
            "ratio": 0.9752537478360382
        },
        "0.001": {
            "avgTime": 4.753721662859843,
            "correct": 99.30550437557494,
            "perImprov": 2.474618843337228,
            "ratio": 0.9752538115666277
        },
        "0.005": {
            "avgTime": 4.086129063959943,
            "correct": 98.24195955894591,
            "perImprov": 2.4743999166614605,
            "ratio": 0.9752560008333856
        },
        "0.01": {
            "avgTime": 3.683084855099969,
            "correct": 97.67826452697335,
            "perImprov": 2.471587998639014,